{
  "id": "2832791",
  "name": "探真",
  "font_family": "iconfont",
  "css_prefix_text": "icon-",
  "description": "产品图标",
  "glyphs": [
    {
      "icon_id": "41574185",
      "name": "运营商",
      "font_class": "a-yunyingshang2",
      "unicode": "e6cd",
      "unicode_decimal": 59085
    },
    {
      "icon_id": "41180431",
      "name": "查看详情",
      "font_class": "chakanxiangqing",
      "unicode": "e6cc",
      "unicode_decimal": 59084
    },
    {
      "icon_id": "41135489",
      "name": "成功",
      "font_class": "chenggong",
      "unicode": "e6cb",
      "unicode_decimal": 59083
    },
    {
      "icon_id": "41135478",
      "name": "警告",
      "font_class": "jinggao",
      "unicode": "e6ca",
      "unicode_decimal": 59082
    },
    {
      "icon_id": "41135479",
      "name": "失败",
      "font_class": "shibai",
      "unicode": "e6c9",
      "unicode_decimal": 59081
    },
    {
      "icon_id": "40932508",
      "name": "云账户",
      "font_class": "yunzhanghu",
      "unicode": "e6c8",
      "unicode_decimal": 59080
    },
    {
      "icon_id": "39966078",
      "name": "箭头",
      "font_class": "a-Arrow1",
      "unicode": "e6c6",
      "unicode_decimal": 59078
    },
    {
      "icon_id": "39966076",
      "name": "流量icon",
      "font_class": "liuliangicon",
      "unicode": "e6c7",
      "unicode_decimal": 59079
    },
    {
      "icon_id": "39792950",
      "name": "编组",
      "font_class": "bianzu",
      "unicode": "e6c5",
      "unicode_decimal": 59077
    },
    {
      "icon_id": "39792890",
      "name": "目标对象",
      "font_class": "mubiaoduixiang",
      "unicode": "e6c4",
      "unicode_decimal": 59076
    },
    {
      "icon_id": "39786243",
      "name": "目标IP",
      "font_class": "mubiaoIP",
      "unicode": "e6c3",
      "unicode_decimal": 59075
    },
    {
      "icon_id": "39710543",
      "name": "任务列表",
      "font_class": "renwuliebiao",
      "unicode": "e6c2",
      "unicode_decimal": 59074
    },
    {
      "icon_id": "39708831",
      "name": "DEL",
      "font_class": "a-Frame36",
      "unicode": "e6c1",
      "unicode_decimal": 59073
    },
    {
      "icon_id": "39690680",
      "name": "已删除 ",
      "font_class": "a-yishanchu11",
      "unicode": "e6c0",
      "unicode_decimal": 59072
    },
    {
      "icon_id": "39657959",
      "name": "云存储",
      "font_class": "a-yuncunchu1",
      "unicode": "e6bf",
      "unicode_decimal": 59071
    },
    {
      "icon_id": "39628673",
      "name": "资产类型",
      "font_class": "zichanleixing",
      "unicode": "e6be",
      "unicode_decimal": 59070
    },
    {
      "icon_id": "39508886",
      "name": "new",
      "font_class": "new",
      "unicode": "e6ae",
      "unicode_decimal": 59054
    },
    {
      "icon_id": "39497247",
      "name": "链",
      "font_class": "lian",
      "unicode": "e6a8",
      "unicode_decimal": 59048
    },
    {
      "icon_id": "39441140",
      "name": "云平台",
      "font_class": "yunpingtai",
      "unicode": "e69a",
      "unicode_decimal": 59034
    },
    {
      "icon_id": "39441123",
      "name": "ID",
      "font_class": "ID",
      "unicode": "e687",
      "unicode_decimal": 59015
    },
    {
      "icon_id": "39427398",
      "name": "上",
      "font_class": "shang",
      "unicode": "e662",
      "unicode_decimal": 58978
    },
    {
      "icon_id": "39427397",
      "name": "下",
      "font_class": "xia",
      "unicode": "e665",
      "unicode_decimal": 58981
    },
    {
      "icon_id": "39427396",
      "name": "中",
      "font_class": "zhong",
      "unicode": "e686",
      "unicode_decimal": 59014
    },
    {
      "icon_id": "39425395",
      "name": "分组",
      "font_class": "fenzu",
      "unicode": "e664",
      "unicode_decimal": 58980
    },
    {
      "icon_id": "39408360",
      "name": "未知",
      "font_class": "weizhi1",
      "unicode": "e663",
      "unicode_decimal": 58979
    },
    {
      "icon_id": "39397563",
      "name": "邮箱 ",
      "font_class": "youxiang",
      "unicode": "e660",
      "unicode_decimal": 58976
    },
    {
      "icon_id": "39397562",
      "name": "手机",
      "font_class": "shouji",
      "unicode": "e661",
      "unicode_decimal": 58977
    },
    {
      "icon_id": "39388818",
      "name": "互信",
      "font_class": "huxin",
      "unicode": "e65e",
      "unicode_decimal": 58974
    },
    {
      "icon_id": "39388817",
      "name": "隔离",
      "font_class": "geli",
      "unicode": "e65f",
      "unicode_decimal": 58975
    },
    {
      "icon_id": "39371592",
      "name": "取消全屏",
      "font_class": "quxiaoquanping",
      "unicode": "e659",
      "unicode_decimal": 58969
    },
    {
      "icon_id": "39371591",
      "name": "缩小",
      "font_class": "suoxiao",
      "unicode": "e65a",
      "unicode_decimal": 58970
    },
    {
      "icon_id": "39371590",
      "name": "刷新",
      "font_class": "shuaxin",
      "unicode": "e65b",
      "unicode_decimal": 58971
    },
    {
      "icon_id": "39371589",
      "name": "放大",
      "font_class": "fangda1",
      "unicode": "e65c",
      "unicode_decimal": 58972
    },
    {
      "icon_id": "39371588",
      "name": "定位",
      "font_class": "dingwei1",
      "unicode": "e65d",
      "unicode_decimal": 58973
    },
    {
      "icon_id": "39371593",
      "name": "全屏",
      "font_class": "quanping",
      "unicode": "e658",
      "unicode_decimal": 58968
    },
    {
      "icon_id": "39371492",
      "name": "jiantou",
      "font_class": "jiantou1",
      "unicode": "e657",
      "unicode_decimal": 58967
    },
    {
      "icon_id": "39306563",
      "name": "ip",
      "font_class": "ip",
      "unicode": "e653",
      "unicode_decimal": 58963
    },
    {
      "icon_id": "39306562",
      "name": "批量管理 ",
      "font_class": "piliangguanli",
      "unicode": "e654",
      "unicode_decimal": 58964
    },
    {
      "icon_id": "39306561",
      "name": "批量选取",
      "font_class": "piliangxuanqu",
      "unicode": "e655",
      "unicode_decimal": 58965
    },
    {
      "icon_id": "39306560",
      "name": "METHCO",
      "font_class": "METHCO",
      "unicode": "e656",
      "unicode_decimal": 58966
    },
    {
      "icon_id": "39239112",
      "name": "定位 ",
      "font_class": "dingwei",
      "unicode": "e652",
      "unicode_decimal": 58962
    },
    {
      "icon_id": "39236245",
      "name": "是否",
      "font_class": "shifou",
      "unicode": "e651",
      "unicode_decimal": 58961
    },
    {
      "icon_id": "39233923",
      "name": "icon上升",
      "font_class": "iconshangsheng",
      "unicode": "e64d",
      "unicode_decimal": 58957
    },
    {
      "icon_id": "39233922",
      "name": "检测",
      "font_class": "jiance",
      "unicode": "e64e",
      "unicode_decimal": 58958
    },
    {
      "icon_id": "39233921",
      "name": "icon下降",
      "font_class": "iconxiajiang",
      "unicode": "e64f",
      "unicode_decimal": 58959
    },
    {
      "icon_id": "39233920",
      "name": "持平 ",
      "font_class": "chiping",
      "unicode": "e650",
      "unicode_decimal": 58960
    },
    {
      "icon_id": "38169828",
      "name": "license",
      "font_class": "license",
      "unicode": "e64c",
      "unicode_decimal": 58956
    },
    {
      "icon_id": "38044043",
      "name": "箭头",
      "font_class": "jiantou",
      "unicode": "e64b",
      "unicode_decimal": 58955
    },
    {
      "icon_id": "37633320",
      "name": "一键清空",
      "font_class": "yijianqingkong",
      "unicode": "e648",
      "unicode_decimal": 58952
    },
    {
      "icon_id": "37633319",
      "name": "机器人",
      "font_class": "jiqiren",
      "unicode": "e649",
      "unicode_decimal": 58953
    },
    {
      "icon_id": "37633318",
      "name": "发送",
      "font_class": "fasong",
      "unicode": "e64a",
      "unicode_decimal": 58954
    },
    {
      "icon_id": "37416684",
      "name": "未扫描镜像",
      "font_class": "weisaomiaojingxiang",
      "unicode": "e647",
      "unicode_decimal": 58951
    },
    {
      "icon_id": "37083241",
      "name": "非基础镜像构建",
      "font_class": "feijichujingxianggoujian",
      "unicode": "e646",
      "unicode_decimal": 58950
    },
    {
      "icon_id": "37083243",
      "name": "文件引用",
      "font_class": "wenjianyinyong",
      "unicode": "e644",
      "unicode_decimal": 58948
    },
    {
      "icon_id": "37083242",
      "name": "应用镜像",
      "font_class": "yingyongjingxiang",
      "unicode": "e645",
      "unicode_decimal": 58949
    },
    {
      "icon_id": "37060253",
      "name": "gou",
      "font_class": "gou",
      "unicode": "e643",
      "unicode_decimal": 58947
    },
    {
      "icon_id": "36992615",
      "name": "集群风险",
      "font_class": "jiqunfengxian",
      "unicode": "e642",
      "unicode_decimal": 58946
    },
    {
      "icon_id": "36843276",
      "name": "应用防火墙",
      "font_class": "yingyongfanghuoqiang",
      "unicode": "e641",
      "unicode_decimal": 58945
    },
    {
      "icon_id": "36843114",
      "name": "域名",
      "font_class": "yuming",
      "unicode": "e640",
      "unicode_decimal": 58944
    },
    {
      "icon_id": "36812786",
      "name": "more-s",
      "font_class": "a-1",
      "unicode": "e63f",
      "unicode_decimal": 58943
    },
    {
      "icon_id": "36656604",
      "name": "安卓",
      "font_class": "anzhuo",
      "unicode": "e63d",
      "unicode_decimal": 58941
    },
    {
      "icon_id": "36656603",
      "name": "苹果",
      "font_class": "pingguo",
      "unicode": "e63e",
      "unicode_decimal": 58942
    },
    {
      "icon_id": "35973988",
      "name": "二维码",
      "font_class": "erweima",
      "unicode": "e63c",
      "unicode_decimal": 58940
    },
    {
      "icon_id": "35754553",
      "name": "非仓库镜像",
      "font_class": "feicangkujingxiang",
      "unicode": "e62c",
      "unicode_decimal": 58924
    },
    {
      "icon_id": "35267428",
      "name": "非",
      "font_class": "fei",
      "unicode": "e638",
      "unicode_decimal": 58936
    },
    {
      "icon_id": "35267429",
      "name": "交集",
      "font_class": "jiaoji",
      "unicode": "e639",
      "unicode_decimal": 58937
    },
    {
      "icon_id": "35267430",
      "name": "是",
      "font_class": "shi",
      "unicode": "e63a",
      "unicode_decimal": 58938
    },
    {
      "icon_id": "35267431",
      "name": "并集",
      "font_class": "bingji",
      "unicode": "e63b",
      "unicode_decimal": 58939
    },
    {
      "icon_id": "35158611",
      "name": "容器",
      "font_class": "rongqi",
      "unicode": "e637",
      "unicode_decimal": 58935
    },
    {
      "icon_id": "35011716",
      "name": "垃圾桶",
      "font_class": "lajitong",
      "unicode": "e636",
      "unicode_decimal": 58934
    },
    {
      "icon_id": "34999180",
      "name": "文件",
      "font_class": "wenjian",
      "unicode": "e635",
      "unicode_decimal": 58933
    },
    {
      "icon_id": "34975084",
      "name": "问题",
      "font_class": "wenti",
      "unicode": "e634",
      "unicode_decimal": 58932
    },
    {
      "icon_id": "34521597",
      "name": "响应状态",
      "font_class": "xiangyingzhuangtai",
      "unicode": "e632",
      "unicode_decimal": 58930
    },
    {
      "icon_id": "34521713",
      "name": "编号",
      "font_class": "bianhao",
      "unicode": "e633",
      "unicode_decimal": 58931
    },
    {
      "icon_id": "34506910",
      "name": "类型",
      "font_class": "leixing",
      "unicode": "e631",
      "unicode_decimal": 58929
    },
    {
      "icon_id": "34202061",
      "name": "路径",
      "font_class": "lujing",
      "unicode": "e630",
      "unicode_decimal": 58928
    },
    {
      "icon_id": "34017272",
      "name": "标签",
      "font_class": "biaoqian",
      "unicode": "e613",
      "unicode_decimal": 58899
    },
    {
      "icon_id": "34017273",
      "name": "仓库",
      "font_class": "cangku",
      "unicode": "e614",
      "unicode_decimal": 58900
    },
    {
      "icon_id": "34017274",
      "name": "版本",
      "font_class": "banben",
      "unicode": "e615",
      "unicode_decimal": 58901
    },
    {
      "icon_id": "34017275",
      "name": "操作",
      "font_class": "caozuo",
      "unicode": "e616",
      "unicode_decimal": 58902
    },
    {
      "icon_id": "34017276",
      "name": "程度",
      "font_class": "chengdu",
      "unicode": "e617",
      "unicode_decimal": 58903
    },
    {
      "icon_id": "34017277",
      "name": "安全状态",
      "font_class": "anquanzhuangtai",
      "unicode": "e618",
      "unicode_decimal": 58904
    },
    {
      "icon_id": "34017278",
      "name": "用户名",
      "font_class": "yonghuming",
      "unicode": "e619",
      "unicode_decimal": 58905
    },
    {
      "icon_id": "34017279",
      "name": "扫描状态",
      "font_class": "saomiaozhuangtai",
      "unicode": "e61a",
      "unicode_decimal": 58906
    },
    {
      "icon_id": "34017280",
      "name": "镜像",
      "font_class": "jingxiang",
      "unicode": "e61b",
      "unicode_decimal": 58907
    },
    {
      "icon_id": "34017281",
      "name": "用户角色",
      "font_class": "yonghujiaose",
      "unicode": "e61c",
      "unicode_decimal": 58908
    },
    {
      "icon_id": "34017282",
      "name": "阶段",
      "font_class": "jieduan",
      "unicode": "e61d",
      "unicode_decimal": 58909
    },
    {
      "icon_id": "34017283",
      "name": "镜像tag",
      "font_class": "jingxiangtag",
      "unicode": "e61e",
      "unicode_decimal": 58910
    },
    {
      "icon_id": "34017284",
      "name": "位置",
      "font_class": "weizhi",
      "unicode": "e61f",
      "unicode_decimal": 58911
    },
    {
      "icon_id": "34017285",
      "name": "告警",
      "font_class": "gaojing",
      "unicode": "e620",
      "unicode_decimal": 58912
    },
    {
      "icon_id": "34017286",
      "name": "标记",
      "font_class": "biaoji",
      "unicode": "e621",
      "unicode_decimal": 58913
    },
    {
      "icon_id": "34017287",
      "name": "节点",
      "font_class": "jiedian",
      "unicode": "e622",
      "unicode_decimal": 58914
    },
    {
      "icon_id": "34017288",
      "name": "集群",
      "font_class": "jiqun",
      "unicode": "e623",
      "unicode_decimal": 58915
    },
    {
      "icon_id": "34017289",
      "name": "防御模式",
      "font_class": "fangyumoshi",
      "unicode": "e624",
      "unicode_decimal": 58916
    },
    {
      "icon_id": "34017290",
      "name": "属性_1",
      "font_class": "shuxing_1",
      "unicode": "e625",
      "unicode_decimal": 58917
    },
    {
      "icon_id": "34017291",
      "name": "等保对齐",
      "font_class": "dengbaoduiqi",
      "unicode": "e626",
      "unicode_decimal": 58918
    },
    {
      "icon_id": "34017292",
      "name": "主机名称",
      "font_class": "zhujimingcheng",
      "unicode": "e627",
      "unicode_decimal": 58919
    },
    {
      "icon_id": "34017293",
      "name": "合规条目",
      "font_class": "heguitiaomu",
      "unicode": "e628",
      "unicode_decimal": 58920
    },
    {
      "icon_id": "34017294",
      "name": "清除",
      "font_class": "qingchu",
      "unicode": "e629",
      "unicode_decimal": 58921
    },
    {
      "icon_id": "34017295",
      "name": "资源",
      "font_class": "ziyuan",
      "unicode": "e62a",
      "unicode_decimal": 58922
    },
    {
      "icon_id": "34017296",
      "name": "运行状态",
      "font_class": "yunhangzhuangtai",
      "unicode": "e62b",
      "unicode_decimal": 58923
    },
    {
      "icon_id": "34017298",
      "name": "时间",
      "font_class": "shijian",
      "unicode": "e62d",
      "unicode_decimal": 58925
    },
    {
      "icon_id": "34017299",
      "name": "pod",
      "font_class": "pod",
      "unicode": "e62e",
      "unicode_decimal": 58926
    },
    {
      "icon_id": "34017300",
      "name": "命名空间",
      "font_class": "mingmingkongjian",
      "unicode": "e62f",
      "unicode_decimal": 58927
    },
    {
      "icon_id": "33892685",
      "name": "refresh",
      "font_class": "refresh",
      "unicode": "e612",
      "unicode_decimal": 58898
    },
    {
      "icon_id": "33835553",
      "name": "添加",
      "font_class": "tianjia",
      "unicode": "e611",
      "unicode_decimal": 58897
    },
    {
      "icon_id": "33717540",
      "name": "报告",
      "font_class": "baogao",
      "unicode": "e610",
      "unicode_decimal": 58896
    },
    {
      "icon_id": "33686495",
      "name": "文件类型",
      "font_class": "wenjianleixing",
      "unicode": "e60f",
      "unicode_decimal": 58895
    },
    {
      "icon_id": "31104010",
      "name": "more-s",
      "font_class": "more-s",
      "unicode": "e60e",
      "unicode_decimal": 58894
    },
    {
      "icon_id": "31103730",
      "name": "账户",
      "font_class": "zhanghu",
      "unicode": "e60d",
      "unicode_decimal": 58893
    },
    {
      "icon_id": "30824900",
      "name": "白名单",
      "font_class": "baimingdan",
      "unicode": "e60b",
      "unicode_decimal": 58891
    },
    {
      "icon_id": "30824901",
      "name": "策略管理",
      "font_class": "celveguanli",
      "unicode": "e60c",
      "unicode_decimal": 58892
    },
    {
      "icon_id": "30776072",
      "name": "date-arrow",
      "font_class": "date-arrow",
      "unicode": "e609",
      "unicode_decimal": 58889
    },
    {
      "icon_id": "30776073",
      "name": "date",
      "font_class": "date",
      "unicode": "e60a",
      "unicode_decimal": 58890
    },
    {
      "icon_id": "30278006",
      "name": "arrow-double",
      "font_class": "arrow-double",
      "unicode": "e608",
      "unicode_decimal": 58888
    },
    {
      "icon_id": "29760339",
      "name": "偏移防御",
      "font_class": "pianyifangyu",
      "unicode": "e606",
      "unicode_decimal": 58886
    },
    {
      "icon_id": "29553182",
      "name": "减号",
      "font_class": "jianhao",
      "unicode": "e605",
      "unicode_decimal": 58885
    },
    {
      "icon_id": "29553173",
      "name": "加号",
      "font_class": "jiahao",
      "unicode": "e604",
      "unicode_decimal": 58884
    },
    {
      "icon_id": "29552728",
      "name": "close",
      "font_class": "close",
      "unicode": "e603",
      "unicode_decimal": 58883
    },
    {
      "icon_id": "29552723",
      "name": "clear",
      "font_class": "clear",
      "unicode": "e602",
      "unicode_decimal": 58882
    },
    {
      "icon_id": "29552696",
      "name": "arrow",
      "font_class": "arrow",
      "unicode": "e601",
      "unicode_decimal": 58881
    },
    {
      "icon_id": "27477033",
      "name": "筛选",
      "font_class": "shaixuan",
      "unicode": "e6bd",
      "unicode_decimal": 59069
    },
    {
      "icon_id": "27465488",
      "name": "查看所有原始告警",
      "font_class": "chakansuoyouyuanshigaojing",
      "unicode": "e6bc",
      "unicode_decimal": 59068
    },
    {
      "icon_id": "27445144",
      "name": "放大",
      "font_class": "fangda",
      "unicode": "e6b9",
      "unicode_decimal": 59065
    },
    {
      "icon_id": "27445145",
      "name": "最新一次告警事件环境",
      "font_class": "zuixinyicigaojingshijianhuanjing",
      "unicode": "e6ba",
      "unicode_decimal": 59066
    },
    {
      "icon_id": "27445146",
      "name": "检测规则",
      "font_class": "jianceguize1",
      "unicode": "e6bb",
      "unicode_decimal": 59067
    },
    {
      "icon_id": "27372270",
      "name": "扫描任务",
      "font_class": "saomiaorenwu",
      "unicode": "e6b7",
      "unicode_decimal": 59063
    },
    {
      "icon_id": "27372271",
      "name": "导出",
      "font_class": "daochu",
      "unicode": "e6b8",
      "unicode_decimal": 59064
    },
    {
      "icon_id": "27349452",
      "name": "主动防御",
      "font_class": "zhudongfangyu",
      "unicode": "e6b6",
      "unicode_decimal": 59062
    },
    {
      "icon_id": "27216270",
      "name": "复制",
      "font_class": "fuzhi",
      "unicode": "e6b4",
      "unicode_decimal": 59060
    },
    {
      "icon_id": "27174056",
      "name": "更多",
      "font_class": "gengduo1",
      "unicode": "e6b5",
      "unicode_decimal": 59061
    },
    {
      "icon_id": "27100766",
      "name": "设为基础镜像",
      "font_class": "sheweijichujingxiang",
      "unicode": "e6b3",
      "unicode_decimal": 59059
    },
    {
      "icon_id": "27100647",
      "name": "分享",
      "font_class": "fenxiang",
      "unicode": "e6b2",
      "unicode_decimal": 59058
    },
    {
      "icon_id": "27029032",
      "name": "镜像扫描-配置",
      "font_class": "jingxiangsaomiao-peizhi",
      "unicode": "e6b1",
      "unicode_decimal": 59057
    },
    {
      "icon_id": "27029030",
      "name": "镜像扫描-扫描管理",
      "font_class": "jingxiangsaomiao-saomiaoguanli",
      "unicode": "e6af",
      "unicode_decimal": 59055
    },
    {
      "icon_id": "27029031",
      "name": "镜像扫描-扫描全部",
      "font_class": "jingxiangsaomiao-saomiaoquanbu",
      "unicode": "e6b0",
      "unicode_decimal": 59056
    },
    {
      "icon_id": "26999802",
      "name": "报告管理",
      "font_class": "baogaoguanli",
      "unicode": "e6ad",
      "unicode_decimal": 59053
    },
    {
      "icon_id": "26839835",
      "name": "小",
      "font_class": "xiao",
      "unicode": "e6ac",
      "unicode_decimal": 59052
    },
    {
      "icon_id": "26839794",
      "name": "大",
      "font_class": "da",
      "unicode": "e6ab",
      "unicode_decimal": 59051
    },
    {
      "icon_id": "26839792",
      "name": "回到原来位置",
      "font_class": "huidaoyuanlaiweizhi",
      "unicode": "e6aa",
      "unicode_decimal": 59050
    },
    {
      "icon_id": "26640497",
      "name": "消息",
      "font_class": "xiaoxi1",
      "unicode": "e6a7",
      "unicode_decimal": 59047
    },
    {
      "icon_id": "26640499",
      "name": "退出",
      "font_class": "tuichu1",
      "unicode": "e6a9",
      "unicode_decimal": 59049
    },
    {
      "icon_id": "25593605",
      "name": "已加固镜像",
      "font_class": "yijiagujingxiang",
      "unicode": "e6a5",
      "unicode_decimal": 59045
    },
    {
      "icon_id": "25439196",
      "name": "事件环境",
      "font_class": "shijianhuanjing1",
      "unicode": "e6a6",
      "unicode_decimal": 59046
    },
    {
      "icon_id": "25438986",
      "name": "检测规则",
      "font_class": "jianceguize",
      "unicode": "e6a4",
      "unicode_decimal": 59044
    },
    {
      "icon_id": "25291483",
      "name": "蓝色小错号",
      "font_class": "lansexiaocuohao",
      "unicode": "e6a3",
      "unicode_decimal": 59043
    },
    {
      "icon_id": "25290729",
      "name": "Cl:CD",
      "font_class": "a-ClCD",
      "unicode": "e69f",
      "unicode_decimal": 59039
    },
    {
      "icon_id": "25290730",
      "name": "部署上线",
      "font_class": "bushushangxian",
      "unicode": "e6a0",
      "unicode_decimal": 59040
    },
    {
      "icon_id": "25290731",
      "name": "在线监控",
      "font_class": "zaixianjiankong",
      "unicode": "e6a1",
      "unicode_decimal": 59041
    },
    {
      "icon_id": "25290732",
      "name": "镜像仓库",
      "font_class": "jingxiangcangku",
      "unicode": "e6a2",
      "unicode_decimal": 59042
    },
    {
      "icon_id": "25273096",
      "name": "关闭",
      "font_class": "guanbi",
      "unicode": "e69b",
      "unicode_decimal": 59035
    },
    {
      "icon_id": "25273097",
      "name": "提示",
      "font_class": "tishi",
      "unicode": "e69c",
      "unicode_decimal": 59036
    },
    {
      "icon_id": "25273098",
      "name": "注意",
      "font_class": "zhuyi",
      "unicode": "e69d",
      "unicode_decimal": 59037
    },
    {
      "icon_id": "25273099",
      "name": "问号",
      "font_class": "wenhao",
      "unicode": "e69e",
      "unicode_decimal": 59038
    },
    {
      "icon_id": "25187662",
      "name": "退出",
      "font_class": "tuichu",
      "unicode": "e699",
      "unicode_decimal": 59033
    },
    {
      "icon_id": "25187537",
      "name": "搜索",
      "font_class": "sousuo",
      "unicode": "e697",
      "unicode_decimal": 59031
    },
    {
      "icon_id": "25187538",
      "name": "消息",
      "font_class": "xiaoxi",
      "unicode": "e698",
      "unicode_decimal": 59032
    },
    {
      "icon_id": "25110990",
      "name": "不合规软件",
      "font_class": "buheguiruanjian",
      "unicode": "e696",
      "unicode_decimal": 59030
    },
    {
      "icon_id": "25110987",
      "name": "异常环境变量",
      "font_class": "yichanghuanjingbianliang",
      "unicode": "e693",
      "unicode_decimal": 59027
    },
    {
      "icon_id": "25110988",
      "name": "特权启动",
      "font_class": "tequanqidong",
      "unicode": "e694",
      "unicode_decimal": 59028
    },
    {
      "icon_id": "25110989",
      "name": "不允许开源许可",
      "font_class": "buyunxukaiyuanxuke",
      "unicode": "e695",
      "unicode_decimal": 59029
    },
    {
      "icon_id": "24852922",
      "name": "形状结合",
      "font_class": "xingzhuangjiehe",
      "unicode": "e68a",
      "unicode_decimal": 59018
    },
    {
      "icon_id": "24794631",
      "name": "敏感文件",
      "font_class": "minganwenjian1",
      "unicode": "e692",
      "unicode_decimal": 59026
    },
    {
      "icon_id": "24794477",
      "name": "基础镜像",
      "font_class": "jichujingxiang",
      "unicode": "e68c",
      "unicode_decimal": 59020
    },
    {
      "icon_id": "24794458",
      "name": "可修复镜像",
      "font_class": "kexiufujingxiang",
      "unicode": "e68b",
      "unicode_decimal": 59019
    },
    {
      "icon_id": "24794460",
      "name": "可信镜像",
      "font_class": "kexinjingxiang",
      "unicode": "e68d",
      "unicode_decimal": 59021
    },
    {
      "icon_id": "24794461",
      "name": "WebShell",
      "font_class": "WebShell",
      "unicode": "e68e",
      "unicode_decimal": 59022
    },
    {
      "icon_id": "24794462",
      "name": "漏洞",
      "font_class": "loudong",
      "unicode": "e68f",
      "unicode_decimal": 59023
    },
    {
      "icon_id": "24794463",
      "name": "非可信镜像",
      "font_class": "feikexinjingxiang",
      "unicode": "e690",
      "unicode_decimal": 59024
    },
    {
      "icon_id": "24794464",
      "name": "恶意文件",
      "font_class": "eyiwenjian",
      "unicode": "e691",
      "unicode_decimal": 59025
    },
    {
      "icon_id": "24794427",
      "name": "离线",
      "font_class": "lixian",
      "unicode": "e678",
      "unicode_decimal": 59000
    },
    {
      "icon_id": "24794428",
      "name": "在线",
      "font_class": "zaixian",
      "unicode": "e683",
      "unicode_decimal": 59011
    },
    {
      "icon_id": "24780877",
      "name": "命名空间组",
      "font_class": "mingmingkongjianzu1",
      "unicode": "e684",
      "unicode_decimal": 59012
    },
    {
      "icon_id": "24780878",
      "name": "租户",
      "font_class": "zuhu1",
      "unicode": "e689",
      "unicode_decimal": 59017
    },
    {
      "icon_id": "24590973",
      "name": "主机",
      "font_class": "zhuji1",
      "unicode": "e688",
      "unicode_decimal": 59016
    },
    {
      "icon_id": "24590660",
      "name": "数据管理",
      "font_class": "shujuguanli",
      "unicode": "e676",
      "unicode_decimal": 58998
    },
    {
      "icon_id": "24590341",
      "name": "微隔离",
      "font_class": "weigeli",
      "unicode": "e669",
      "unicode_decimal": 58985
    },
    {
      "icon_id": "24590342",
      "name": "资产发现",
      "font_class": "zichanfaxian",
      "unicode": "e66a",
      "unicode_decimal": 58986
    },
    {
      "icon_id": "24590343",
      "name": "学习任务",
      "font_class": "xuexirenwu",
      "unicode": "e66b",
      "unicode_decimal": 58987
    },
    {
      "icon_id": "24590344",
      "name": "ATT&CK",
      "font_class": "a-ATTCK",
      "unicode": "e66c",
      "unicode_decimal": 58988
    },
    {
      "icon_id": "24590345",
      "name": "运行时策略",
      "font_class": "yunhangshicelve",
      "unicode": "e66d",
      "unicode_decimal": 58989
    },
    {
      "icon_id": "24590346",
      "name": "警报中心",
      "font_class": "jingbaozhongxin",
      "unicode": "e66e",
      "unicode_decimal": 58990
    },
    {
      "icon_id": "24590347",
      "name": "可视化",
      "font_class": "keshihua",
      "unicode": "e66f",
      "unicode_decimal": 58991
    },
    {
      "icon_id": "24590348",
      "name": "镜像扫描",
      "font_class": "jingxiangsaomiao",
      "unicode": "e670",
      "unicode_decimal": 58992
    },
    {
      "icon_id": "24590349",
      "name": "资产管理",
      "font_class": "zichanguanli",
      "unicode": "e671",
      "unicode_decimal": 58993
    },
    {
      "icon_id": "24590350",
      "name": "集群风险监控",
      "font_class": "jiqunfengxianjiankong",
      "unicode": "e672",
      "unicode_decimal": 58994
    },
    {
      "icon_id": "24590351",
      "name": "资产组管理",
      "font_class": "zichanzuguanli",
      "unicode": "e673",
      "unicode_decimal": 58995
    },
    {
      "icon_id": "24590352",
      "name": "镜像扫描2",
      "font_class": "jingxiangsaomiao2",
      "unicode": "e674",
      "unicode_decimal": 58996
    },
    {
      "icon_id": "24590353",
      "name": "镜像阻断",
      "font_class": "jingxiangzuduan",
      "unicode": "e675",
      "unicode_decimal": 58997
    },
    {
      "icon_id": "24590355",
      "name": "Harbor",
      "font_class": "Harbor",
      "unicode": "e677",
      "unicode_decimal": 58999
    },
    {
      "icon_id": "24590357",
      "name": "安全合规",
      "font_class": "anquanhegui",
      "unicode": "e679",
      "unicode_decimal": 59001
    },
    {
      "icon_id": "24590358",
      "name": "Kubernetes",
      "font_class": "Kubernetes",
      "unicode": "e67a",
      "unicode_decimal": 59002
    },
    {
      "icon_id": "24590359",
      "name": "用户权限设置",
      "font_class": "yonghuquanxianshezhi",
      "unicode": "e67b",
      "unicode_decimal": 59003
    },
    {
      "icon_id": "24590360",
      "name": "集群管理",
      "font_class": "jiqunguanli",
      "unicode": "e67c",
      "unicode_decimal": 59004
    },
    {
      "icon_id": "24590361",
      "name": "Docker镜像",
      "font_class": "Dockerjingxiang",
      "unicode": "e67d",
      "unicode_decimal": 59005
    },
    {
      "icon_id": "24590362",
      "name": "Open API",
      "font_class": "a-OpenAPI",
      "unicode": "e67e",
      "unicode_decimal": 59006
    },
    {
      "icon_id": "24590363",
      "name": "软件升级",
      "font_class": "ruanjianshengji",
      "unicode": "e67f",
      "unicode_decimal": 59007
    },
    {
      "icon_id": "24590364",
      "name": "设置",
      "font_class": "shezhi",
      "unicode": "e680",
      "unicode_decimal": 59008
    },
    {
      "icon_id": "24590365",
      "name": "平台安全",
      "font_class": "pingtaianquan",
      "unicode": "e681",
      "unicode_decimal": 59009
    },
    {
      "icon_id": "24590366",
      "name": "API审计",
      "font_class": "APIshenji",
      "unicode": "e682",
      "unicode_decimal": 59010
    },
    {
      "icon_id": "24590369",
      "name": "漏洞发现",
      "font_class": "loudongfaxian",
      "unicode": "e685",
      "unicode_decimal": 59013
    },
    {
      "icon_id": "24590338",
      "name": "仪表盘",
      "font_class": "yibiaopan",
      "unicode": "e666",
      "unicode_decimal": 58982
    },
    {
      "icon_id": "24590339",
      "name": "风险探索",
      "font_class": "fengxiantansuo",
      "unicode": "e667",
      "unicode_decimal": 58983
    },
    {
      "icon_id": "24590340",
      "name": "免疫",
      "font_class": "mianyi",
      "unicode": "e668",
      "unicode_decimal": 58984
    }
  ]
}
